City_ID,City,Country,Date,Lat,Lng,Max Temp,Humidity,Cloudiness,Wind Speed
0,Yellowknife,CA,2021-08-06 22:51:48,62.456,-114.3525,74.28,43,75,6.91
1,Verkhnyaya Toyma,RU,2021-08-06 22:51:49,62.2349,44.9985,51.44,71,98,4.09
2,Bethel,US,2021-08-06 22:51:49,41.3712,-73.414,84.94,71,36,5.68
3,Bluff,NZ,2021-08-06 22:51:49,-46.6,168.3333,38.8,67,100,22.93
4,East London,ZA,2021-08-06 22:51:50,-33.0153,27.9116,61.29,73,80,6.22
5,Jamestown,US,2021-08-06 22:51:50,42.097,-79.2353,81.72,57,40,9.22
6,Ancud,CL,2021-08-06 22:48:12,-41.8697,-73.8203,45.93,77,74,11.41
7,Castro,BR,2021-08-06 22:51:50,-24.7911,-50.0119,54.0,93,91,5.35
8,Port Alfred,ZA,2021-08-06 22:51:51,-33.5906,26.891,57.6,79,39,4.16
9,Kapaa,US,2021-08-06 22:50:18,22.0752,-159.319,84.18,79,75,4.0
10,Taoudenni,ML,2021-08-06 22:51:51,22.6783,-3.9836,101.71,22,7,16.08
11,Mataura,NZ,2021-08-06 22:51:51,-46.1927,168.8643,38.48,94,100,9.31
12,Dawlatabad,AF,2021-08-06 22:51:52,36.4141,64.9053,82.53,17,0,7.65
13,Port Elizabeth,ZA,2021-08-06 22:51:52,-33.918,25.5701,50.29,93,0,4.61
14,Rikitea,PF,2021-08-06 22:51:52,-23.1203,-134.9692,74.57,75,12,13.89
15,Port Hardy,CA,2021-08-06 22:51:53,50.6996,-127.4199,55.58,100,90,6.91
16,Puerto Ayora,EC,2021-08-06 22:51:53,-0.7393,-90.3518,75.16,85,78,8.99
17,Whitehorse,CA,2021-08-06 22:51:54,60.7161,-135.0538,57.02,93,90,5.01
18,Viedma,AR,2021-08-06 22:51:54,-40.8135,-62.9967,59.27,36,100,7.47
19,Rosetta,EG,2021-08-06 22:51:54,31.4044,30.4164,82.22,80,0,10.13
20,Thompson,CA,2021-08-06 22:51:55,55.7435,-97.8558,71.76,37,90,3.44
21,Khorixas,NA,2021-08-06 22:51:55,-20.3667,14.9667,64.63,22,0,4.21
22,Pandan,PH,2021-08-06 22:51:55,14.0453,124.1694,83.93,74,100,11.03
23,Alvaraes,BR,2021-08-06 22:51:55,-3.2208,-64.8042,78.55,73,56,3.06
24,Rockingham,US,2021-08-06 22:51:56,42.9668,-71.0995,83.23,72,41,4.27
25,Oriximina,BR,2021-08-06 22:51:56,-1.7656,-55.8661,81.1,64,99,2.15
26,Upernavik,GL,2021-08-06 22:51:56,72.7868,-56.1549,42.93,89,100,6.64
27,Brewster,US,2021-08-06 22:51:57,41.3973,-73.6171,86.16,69,38,4.14
28,Ewo,CG,2021-08-06 22:51:57,-0.8725,14.8206,75.07,80,94,2.75
29,Kandrian,PG,2021-08-06 22:51:58,-6.2167,149.55,77.5,89,100,10.63
30,Cidreira,BR,2021-08-06 22:51:58,-30.1811,-50.2056,61.0,93,100,17.65
31,Xam Nua,LA,2021-08-06 22:51:58,20.4197,104.0439,67.08,97,62,3.29
32,Sapernoye,RU,2021-08-06 22:51:59,60.7167,29.9505,60.21,79,30,11.56
33,Beloha,MG,2021-08-06 22:51:59,-25.1667,45.05,64.54,64,1,4.54
34,Tuatapere,NZ,2021-08-06 22:50:10,-46.1333,167.6833,38.82,77,100,13.85
35,Bredasdorp,ZA,2021-08-06 22:51:59,-34.5322,20.0403,54.72,94,0,2.3
36,Kerrobert,CA,2021-08-06 22:52:00,51.9168,-109.1348,91.6,18,89,10.25
37,San Patricio,US,2021-08-06 22:52:00,28.017,-97.5169,91.26,55,66,12.24
38,Merin,CZ,2021-08-06 22:52:00,49.3932,15.8838,59.72,88,23,7.45
39,Houston,US,2021-08-06 22:48:02,29.7633,-95.3633,89.98,81,75,1.99
40,Hithadhoo,MV,2021-08-06 22:52:01,-0.6,73.0833,79.97,72,99,0.74
41,Albany,US,2021-08-06 22:50:31,42.6001,-73.9662,84.15,63,25,1.61
42,Simoes,BR,2021-08-06 22:52:01,-7.5989,-40.8178,76.21,55,47,16.96
43,Busselton,AU,2021-08-06 22:52:02,-33.65,115.3333,53.04,72,46,15.35
44,Ushuaia,AR,2021-08-06 22:50:08,-54.8,-68.3,37.06,56,75,32.21
45,Buala,SB,2021-08-06 22:52:02,-8.145,159.5921,82.58,68,30,10.83
46,Baruun-Urt,MN,2021-08-06 22:52:03,46.6806,113.2792,68.58,43,87,8.75
47,Yeniseysk,RU,2021-08-06 22:52:03,58.4497,92.1703,59.56,74,70,2.84
48,Richards Bay,ZA,2021-08-06 22:52:03,-28.783,32.0377,63.41,83,16,10.63
49,Butaritari,KI,2021-08-06 22:52:04,3.0707,172.7902,84.06,62,2,10.4
50,Pavelets,RU,2021-08-06 22:52:04,53.7883,39.246,66.6,53,7,11.97
51,New Norfolk,AU,2021-08-06 22:52:04,-42.7826,147.0587,53.71,65,100,4.0
52,Hilo,US,2021-08-06 22:52:05,19.7297,-155.09,83.93,65,90,11.5
53,Chuy,UY,2021-08-06 22:51:09,-33.6971,-53.4616,55.94,96,50,7.56
54,Barrow,US,2021-08-06 22:52:05,71.2906,-156.7887,39.22,87,90,10.36
55,Luderitz,NA,2021-08-06 22:52:05,-26.6481,15.1594,57.56,61,4,2.48
56,Dongkan,CN,2021-08-06 22:52:06,33.9997,119.8308,77.47,89,78,3.06
57,Dingle,PH,2021-08-06 22:52:06,10.9995,122.6711,80.1,83,71,6.58
58,Ponta Delgada,PT,2021-08-06 22:52:06,37.7333,-25.6667,70.52,68,20,9.22
59,Alyangula,AU,2021-08-06 22:52:07,-13.8483,136.4192,69.67,64,60,4.61
60,Khatanga,RU,2021-08-06 22:47:30,71.9667,102.5,55.78,57,3,10.2
61,Kavieng,PG,2021-08-06 22:52:07,-2.5744,150.7967,84.13,71,96,11.68
62,Vaini,TO,2021-08-06 22:52:07,-21.2,-175.2,77.16,78,20,12.66
63,Taraza,CO,2021-08-06 22:52:08,7.5836,-75.4007,79.92,92,70,2.8
64,Cape Town,ZA,2021-08-06 22:48:48,-33.9258,18.4232,54.09,91,90,3.44
65,Atuona,PF,2021-08-06 22:52:08,-9.8,-139.0333,78.31,77,17,18.25
66,Esperance,AU,2021-08-06 22:52:08,-33.8667,121.9,48.04,54,0,17.67
67,San Cristobal,VE,2021-08-06 22:52:09,7.7669,-72.225,84.38,89,32,4.56
68,Samarai,PG,2021-08-06 22:52:09,-10.6167,150.6667,77.76,78,98,11.63
69,Soe,ID,2021-08-06 22:52:09,-9.8607,124.284,63.95,75,38,5.91
70,Torbay,CA,2021-08-06 22:52:10,47.6666,-52.7314,74.17,87,40,23.02
71,Mar Del Plata,AR,2021-08-06 22:52:10,-38.0023,-57.5575,59.09,30,90,11.99
72,Jagdalpur,IN,2021-08-06 22:52:10,19.0667,82.0333,71.47,91,91,4.99
73,Bathurst,AU,2021-08-06 22:52:10,-33.4166,149.5806,45.72,77,49,4.0
74,Tuktoyaktuk,CA,2021-08-06 22:52:11,69.4541,-133.0374,41.0,87,90,12.66
75,Kavaratti,IN,2021-08-06 22:52:11,10.5669,72.642,82.11,79,91,21.81
76,Mahebourg,MU,2021-08-06 22:52:11,-20.4081,57.7,70.09,68,40,13.8
77,Kodiak,US,2021-08-06 22:52:12,57.79,-152.4072,58.51,82,90,9.22
78,Punta Arenas,CL,2021-08-06 22:52:12,-53.15,-70.9167,33.91,75,75,13.8
79,Rio Grande,BR,2021-08-06 22:50:16,-32.035,-52.0986,58.95,91,100,11.63
80,Progreso,MX,2021-08-06 22:52:12,21.2833,-89.6667,84.72,70,43,14.7
81,Mama,RU,2021-08-06 22:52:13,58.3106,112.8986,60.84,86,95,3.47
82,Airai,TL,2021-08-06 22:52:13,-8.9266,125.4092,58.12,64,40,4.36
83,Longyearbyen,SJ,2021-08-06 22:52:13,78.2186,15.6401,43.61,77,96,5.93
84,Ponta Do Sol,PT,2021-08-06 22:48:40,32.6667,-17.1,75.0,83,10,1.95
85,Hobart,AU,2021-08-06 22:50:50,-42.8794,147.3294,54.05,65,75,4.0
86,Dikson,RU,2021-08-06 22:52:14,73.5069,80.5464,48.27,85,100,10.54
87,Emerald,AU,2021-08-06 22:52:15,-23.5333,148.1667,63.99,41,10,13.8
88,Brownsville,US,2021-08-06 22:48:06,25.9018,-97.4975,90.91,68,68,5.01
89,Walvis Bay,NA,2021-08-06 22:52:15,-22.9575,14.5053,54.09,87,3,5.75
90,Puerto Madero,MX,2021-08-06 22:52:16,14.7208,-92.4215,83.52,72,69,3.02
91,Severo-Kurilsk,RU,2021-08-06 22:51:49,50.6789,156.125,55.53,75,100,5.48
92,Ostrovnoy,RU,2021-08-06 22:52:16,68.0531,39.5131,50.49,86,23,4.99
93,Georgetown,MY,2021-08-06 22:47:29,5.4112,100.3354,80.89,91,20,0.0
94,Qaanaaq,GL,2021-08-06 22:52:17,77.484,-69.3632,45.03,58,0,0.85
95,Iquique,CL,2021-08-06 22:52:17,-20.2208,-70.1431,59.04,81,29,3.78
96,Kaeo,NZ,2021-08-06 22:52:18,-35.1,173.7833,62.33,70,51,11.79
97,Ouadda,CF,2021-08-06 22:52:18,8.0777,22.4007,68.68,97,100,3.27
98,Lebu,CL,2021-08-06 22:52:18,-37.6167,-73.65,49.46,88,100,3.8
99,Provideniya,RU,2021-08-06 22:51:37,64.3833,-173.3,48.54,80,100,1.28
100,Norman Wells,CA,2021-08-06 22:52:19,65.282,-126.8329,57.24,88,90,10.36
101,Lata,PT,2021-08-06 22:52:19,40.1629,-8.3327,66.92,91,62,0.56
102,Palizada,MX,2021-08-06 22:52:19,18.25,-92.0833,80.58,50,100,2.46
103,Ilulissat,GL,2021-08-06 22:52:20,69.2167,-51.1,39.34,85,100,7.14
104,Paamiut,GL,2021-08-06 22:52:20,61.994,-49.6678,43.43,84,62,11.88
105,Laharpur,IN,2021-08-06 22:52:20,27.7167,80.9,81.39,85,99,5.1
106,Berkak,NO,2021-08-06 22:52:21,62.825,10.0118,54.79,68,6,9.24
107,Ribeira Grande,PT,2021-08-06 22:52:21,38.5167,-28.7,70.07,70,74,17.65
108,Petauke,ZM,2021-08-06 22:52:22,-14.2426,31.3253,63.43,42,0,8.34
109,Pirot,RS,2021-08-06 22:52:22,43.1531,22.5861,65.98,73,7,1.01
110,Iqaluit,CA,2021-08-06 22:52:22,63.7506,-68.5145,46.13,71,90,9.22
111,Yar-Sale,RU,2021-08-06 22:52:22,66.8333,70.8333,64.04,64,81,6.11
112,Miyako,JP,2021-08-06 22:52:23,39.6367,141.9525,82.58,70,13,9.82
113,Arraial Do Cabo,BR,2021-08-06 22:52:23,-22.9661,-42.0278,67.86,77,20,5.75
114,Novo Aripuana,BR,2021-08-06 22:52:23,-5.1206,-60.3797,84.16,42,29,1.74
115,Leh,IN,2021-08-06 22:52:24,34.1667,77.5833,58.48,58,23,4.85
116,Quatre Cocos,MU,2021-08-06 22:52:24,-20.2078,57.7625,69.91,66,69,11.18
117,Carnarvon,AU,2021-08-06 22:52:24,-24.8667,113.6333,66.27,58,90,12.66
118,Saskylakh,RU,2021-08-06 22:52:24,71.9167,114.0833,45.84,80,97,10.76
119,Grand Gaube,MU,2021-08-06 22:52:25,-20.0064,57.6608,70.2,71,46,4.0
120,Dillon,US,2021-08-06 22:48:35,34.4166,-79.3712,80.26,94,97,7.56
121,Hwange,ZW,2021-08-06 22:52:25,-18.3693,26.5019,61.09,32,0,2.3
122,Dunedin,NZ,2021-08-06 22:52:26,-45.8742,170.5036,46.8,60,35,17.0
123,Salalah,OM,2021-08-06 22:51:55,17.0151,54.0924,75.78,92,99,7.56
124,Kapoeta,SS,2021-08-06 22:52:26,4.7717,33.5903,79.12,40,2,8.72
125,Mackenzie,CA,2021-08-06 22:52:26,55.2999,-123.1698,66.42,39,90,5.75
126,Jiayuguan,CN,2021-08-06 22:52:27,39.8167,98.3,69.82,29,100,5.3
127,Bengkulu,ID,2021-08-06 22:52:27,-3.8004,102.2655,75.43,90,88,3.83
128,Hasaki,JP,2021-08-06 22:52:27,35.7333,140.8333,84.29,85,58,8.03
129,Maymyo,MM,2021-08-06 22:52:28,22.0333,96.4667,67.37,95,100,1.68
130,Comodoro Rivadavia,AR,2021-08-06 22:47:37,-45.8667,-67.5,51.66,35,0,9.22
131,Kuusamo,FI,2021-08-06 22:52:28,65.9667,29.1833,50.04,93,0,3.44
132,Beringovskiy,RU,2021-08-06 22:52:28,63.05,179.3167,44.08,90,100,17.81
133,Alofi,NU,2021-08-06 22:52:29,-19.0595,-169.9187,78.69,73,40,4.61
134,Jiujiang,CN,2021-08-06 22:52:29,29.7333,115.9833,81.1,85,10,6.71
135,Chokurdakh,RU,2021-08-06 22:52:29,70.6333,147.9167,50.61,73,93,6.42
136,Carlos Chagas,BR,2021-08-06 22:52:30,-17.7031,-40.7664,65.53,79,100,12.1
137,Cherskiy,RU,2021-08-06 22:52:30,68.75,161.3,54.09,70,40,2.46
138,Banda Aceh,ID,2021-08-06 22:52:30,5.5577,95.3222,79.39,79,98,8.72
139,Boda,CF,2021-08-06 22:52:31,4.3189,17.4695,69.58,92,100,3.69
140,Padang,ID,2021-08-06 22:52:31,-0.9492,100.3543,77.85,84,95,4.36
141,Kilindoni,TZ,2021-08-06 22:52:31,-7.9139,39.6668,74.7,77,12,11.01
142,Saint-Philippe,RE,2021-08-06 22:52:32,-21.3585,55.7679,65.79,73,72,11.14
143,Coyutla,MX,2021-08-06 22:52:32,20.25,-97.65,84.97,71,30,6.71
144,Polis,CY,2021-08-06 22:52:32,35.0367,32.4264,79.29,55,0,8.03
145,Aklavik,CA,2021-08-06 22:52:32,68.2191,-135.0107,45.32,93,90,10.36
146,Chaohu,CN,2021-08-06 22:52:33,31.6,117.8667,83.03,91,5,8.3
147,Carballo,ES,2021-08-06 22:52:33,43.213,-8.691,64.87,91,65,5.75
148,Tromso,NO,2021-08-06 22:48:03,69.6496,18.957,54.37,82,40,3.44
149,Margate,GB,2021-08-06 22:52:34,51.3813,1.3862,60.04,84,5,4.0
150,Neuquen,AR,2021-08-06 22:49:20,-38.9516,-68.0591,60.69,48,0,9.22
151,Souillac,MU,2021-08-06 22:52:34,-20.5167,57.5167,70.18,68,40,13.8
152,Meridian,US,2021-08-06 22:50:18,43.6121,-116.3915,84.52,32,1,6.91
153,Biak,ID,2021-08-06 22:52:35,-0.9131,122.8766,75.4,87,100,7.76
154,Hermanus,ZA,2021-08-06 22:52:35,-34.4187,19.2345,51.91,87,0,5.53
155,Touros,BR,2021-08-06 22:52:36,-5.1989,-35.4608,79.7,67,100,18.12
156,Bogorodskoye,RU,2021-08-06 22:52:36,56.55,37.8833,62.78,98,100,10.74
157,Monrovia,LR,2021-08-06 22:51:40,6.3005,-10.7969,76.66,73,63,4.32
158,Kununurra,AU,2021-08-06 22:52:37,-15.7667,128.7333,64.38,27,99,8.05
159,Sangar,RU,2021-08-06 22:52:37,63.9242,127.4739,68.13,43,95,17.87
160,Cam Ranh,VN,2021-08-06 22:52:37,11.9214,109.1591,80.56,78,20,2.3
161,Varna,BG,2021-08-06 22:52:38,43.2167,27.9167,72.45,81,0,5.75
162,Makat,KZ,2021-08-06 22:52:38,47.6469,53.3463,78.42,30,5,10.98
163,Pevek,RU,2021-08-06 22:52:39,69.7008,170.3133,43.32,69,36,8.12
164,Mangrol,IN,2021-08-06 22:52:39,21.1167,70.1167,81.23,82,100,11.65
165,Bambous Virieux,MU,2021-08-06 22:52:39,-20.3428,57.7575,70.05,68,40,13.8
166,Yulara,AU,2021-08-06 22:52:40,-25.2406,130.9889,37.24,60,0,4.61
167,Agirish,RU,2021-08-06 22:52:40,61.9247,63.0231,55.0,99,100,5.03
168,Zigong,CN,2021-08-06 22:52:40,29.3416,104.7769,77.68,94,100,1.99
169,Leningradskiy,RU,2021-08-06 22:52:40,69.3833,178.4167,36.45,84,100,6.6
170,Dovers,VC,2021-08-06 22:52:41,12.8833,-61.1833,81.99,76,2,14.99
171,Nikolskoye,RU,2021-08-06 22:52:41,59.7035,30.7861,60.4,92,96,9.15
172,Nantucket,US,2021-08-06 22:52:04,41.2835,-70.0995,76.12,89,1,9.22
173,Sao Joao Da Barra,BR,2021-08-06 22:52:16,-21.6403,-41.0511,68.09,70,100,7.92
174,Lavrentiya,RU,2021-08-06 22:52:42,65.5833,-171.0,45.0,75,100,10.78
175,Saquarema,BR,2021-08-06 22:52:43,-22.92,-42.5103,69.82,78,86,12.19
176,Tortoli,IT,2021-08-06 22:52:44,39.9256,9.6572,76.98,83,0,4.61
177,Mitchell,US,2021-08-06 22:52:44,43.7094,-98.0298,84.18,61,1,13.8
178,Bathsheba,BB,2021-08-06 22:52:44,13.2167,-59.5167,83.01,69,20,13.8
179,Vila Franca Do Campo,PT,2021-08-06 22:52:44,37.7167,-25.4333,70.21,72,39,11.52
180,Kamaishi,JP,2021-08-06 22:52:45,39.2667,141.8833,79.75,78,18,8.79
181,Bago,MM,2021-08-06 22:52:45,17.3367,96.4797,78.93,95,99,3.29
182,Yarmouth,US,2021-08-06 22:52:46,41.7057,-70.2286,79.18,85,1,5.01
183,Matamoros,MX,2021-08-06 22:47:51,25.5333,-103.25,71.71,88,90,11.5
184,Grindavik,IS,2021-08-06 22:52:46,63.8424,-22.4338,53.55,93,75,1.14
185,Sambava,MG,2021-08-06 22:52:47,-14.2667,50.1667,65.91,87,11,9.53
186,Alpena,US,2021-08-06 22:52:47,45.0617,-83.4327,75.52,69,75,5.75
187,Ilebo,CD,2021-08-06 22:52:47,-4.3167,20.5833,75.11,32,27,1.52
188,Berlevag,NO,2021-08-06 22:51:52,70.8578,29.0864,54.68,77,50,11.43
189,Katete,UG,2021-08-06 22:52:48,-0.7818,29.7544,62.47,73,23,3.06
190,Vygonichi,RU,2021-08-06 22:52:48,53.0985,34.0673,66.31,100,100,4.47
191,Sur,OM,2021-08-06 22:52:49,22.5667,59.5289,89.01,53,1,9.75
192,Bonthe,SL,2021-08-06 22:52:49,7.5264,-12.505,76.55,74,63,4.47
193,Kaitangata,NZ,2021-08-06 22:52:50,-46.2817,169.8464,45.93,67,95,11.72
194,Douentza,ML,2021-08-06 22:52:50,14.9951,-2.9517,87.08,51,88,8.79
195,Itarema,BR,2021-08-06 22:52:50,-2.9248,-39.9167,79.2,72,13,18.41
196,Chigorodo,CO,2021-08-06 22:52:50,7.6664,-76.6811,77.11,95,88,3.27
197,Havelock,US,2021-08-06 22:52:51,34.8791,-76.9013,79.95,93,75,3.44
198,Sibu,MY,2021-08-06 22:52:51,2.3,111.8167,79.11,94,40,0.0
199,Baykit,RU,2021-08-06 22:52:52,61.67,96.37,61.68,65,44,3.2
200,Alta,NO,2021-08-06 22:52:52,69.9689,23.2717,56.46,74,85,5.99
201,Kishi,NG,2021-08-06 22:52:52,9.0833,3.85,71.17,96,93,6.04
202,Atambua,ID,2021-08-06 22:52:53,-9.1061,124.8925,71.02,73,40,6.35
203,Maryborough,AU,2021-08-06 22:52:53,-25.5333,152.7,59.11,63,54,3.27
204,Hailey,US,2021-08-06 22:52:53,43.5196,-114.3153,69.66,45,40,10.36
205,Victoria,HK,2021-08-06 22:48:50,22.2855,114.1577,85.21,93,96,4.0
206,Coahuayana,MX,2021-08-06 22:52:54,18.7333,-103.6833,81.88,85,98,3.0
207,Mount Gambier,AU,2021-08-06 22:52:54,-37.8333,140.7667,48.11,100,75,8.05
208,Gospic,HR,2021-08-06 22:52:54,44.5461,15.3747,58.69,75,0,1.79
209,Ishigaki,JP,2021-08-06 22:52:55,24.3448,124.1572,84.33,89,75,20.71
210,Luanda,AO,2021-08-06 22:52:54,-8.8368,13.2343,71.6,88,40,2.3
211,Oranjemund,NA,2021-08-06 22:52:55,-28.55,16.4333,55.38,71,31,3.8
212,Carberry,CA,2021-08-06 22:52:55,49.8689,-99.3602,80.83,23,88,9.04
213,Isangel,VU,2021-08-06 22:52:56,-19.55,169.2667,73.51,73,40,6.91
214,Ratnagiri,IN,2021-08-06 22:52:56,16.9833,73.3,79.79,83,68,11.1
215,Avarua,CK,2021-08-06 22:52:56,-21.2078,-159.775,78.85,73,75,12.66
216,Rocha,UY,2021-08-06 22:52:56,-34.4833,-54.3333,56.44,95,0,6.76
217,Qaqortoq,GL,2021-08-06 22:52:57,60.7167,-46.0333,47.07,76,9,3.02
218,Domoni,KM,2021-08-06 22:52:57,-12.2569,44.5319,73.49,78,16,1.9
219,Concordia,AR,2021-08-06 22:52:57,-31.393,-58.0209,65.79,85,3,4.0
220,Nancha,CN,2021-08-06 22:52:58,47.1333,129.2667,69.76,87,100,0.69
221,Ahipara,NZ,2021-08-06 22:52:58,-35.1667,173.1667,57.94,77,72,17.29
222,Tasiilaq,GL,2021-08-06 22:49:25,65.6145,-37.6368,44.76,87,100,2.71
223,Soria,ES,2021-08-06 22:52:58,41.6667,-2.6667,63.01,35,6,5.55
224,Cabo San Lucas,MX,2021-08-06 22:52:25,22.8909,-109.9124,91.51,64,50,8.99
225,Half Moon Bay,US,2021-08-06 22:52:37,37.4636,-122.4286,96.93,63,1,1.01
226,Sao Filipe,CV,2021-08-06 22:52:59,14.8961,-24.4956,77.38,83,47,10.09
227,Yantikovo,RU,2021-08-06 22:52:59,55.8216,47.9104,66.92,50,90,3.58
228,Nome,US,2021-08-06 22:52:13,64.5011,-165.4064,51.17,93,90,8.05
229,Fukue,JP,2021-08-06 22:53:00,32.6881,128.8419,84.06,77,1,8.16
230,Kattivakkam,IN,2021-08-06 22:53:00,13.2167,80.3167,80.69,69,94,14.36
231,Muli,MV,2021-08-06 22:53:00,2.9167,73.5667,78.6,83,100,15.41
232,Ixtapa,MX,2021-08-06 22:53:01,20.7,-105.2,85.23,82,100,3.0
233,Gidole,ET,2021-08-06 22:53:01,5.65,37.3667,60.1,58,82,3.27
234,Stornoway,GB,2021-08-06 22:53:02,58.2093,-6.3865,58.93,100,90,11.5
235,Cayenne,GF,2021-08-06 22:53:02,4.9333,-52.3333,80.64,87,75,3.44
236,Rey Bouba,CM,2021-08-06 22:53:02,8.6724,14.1786,72.41,96,100,3.13
237,Shalinskoye,RU,2021-08-06 22:53:02,55.7228,93.7594,55.42,91,15,1.23
238,Naushki,RU,2021-08-06 22:53:03,50.3828,106.1056,61.38,94,91,3.91
239,Codrington,AU,2021-08-06 22:53:03,-38.2667,141.9667,50.65,88,100,8.84
240,Turayf,SA,2021-08-06 22:53:04,31.6725,38.6637,80.85,29,0,9.22
241,Kokopo,PG,2021-08-06 22:53:04,-4.352,152.2633,82.02,74,63,17.13
242,Komsomolskiy,UZ,2021-08-06 22:53:04,40.4272,71.7189,75.92,38,86,4.61
243,Moron,AR,2021-08-06 22:53:05,-34.6534,-58.6198,66.99,85,33,1.99
244,Amapa,BR,2021-08-06 22:53:05,1.0,-52.0,73.9,92,77,2.15
245,Urumqi,CN,2021-08-06 22:52:06,43.801,87.6005,70.75,40,0,4.47
246,Igrim,RU,2021-08-06 22:53:06,63.1906,64.4162,61.16,96,100,3.87
247,Kantunilkin,MX,2021-08-06 22:53:06,21.0917,-87.45,86.95,46,89,8.39
248,Aswan,EG,2021-08-06 22:53:06,24.0934,32.907,92.5,49,9,9.22
249,Sorland,NO,2021-08-06 22:53:07,67.667,12.6934,55.76,78,88,4.38
250,Lapua,FI,2021-08-06 22:53:07,62.9693,23.0088,56.08,69,7,5.5
251,North Platte,US,2021-08-06 22:53:07,41.1239,-100.7654,100.02,23,55,4.0
252,Geraldton,AU,2021-08-06 22:49:42,-28.7667,114.6,57.61,51,90,19.57
253,Blagoyevo,RU,2021-08-06 22:53:08,63.3667,47.9167,46.53,81,92,2.44
254,Abdulino,RU,2021-08-06 22:53:08,53.7,53.6667,57.0,52,36,4.92
255,Nouakchott,MR,2021-08-06 22:49:52,18.0858,-15.9785,80.53,85,36,15.61
256,Aitape,PG,2021-08-06 22:53:09,-3.1374,142.3475,77.5,87,100,5.66
257,Eureka,US,2021-08-06 22:52:48,40.8021,-124.1637,77.2,75,57,8.61
258,Vuktyl,RU,2021-08-06 22:53:09,63.8567,57.3094,48.83,85,100,9.75
259,Sakakah,SA,2021-08-06 22:53:10,29.9697,40.2064,90.97,17,19,11.36
260,Port Lincoln,AU,2021-08-06 22:53:10,-34.7333,135.8667,56.16,68,100,3.09
261,Saldanha,ZA,2021-08-06 22:53:10,-33.0117,17.9442,48.25,80,9,3.31
262,Maceio,BR,2021-08-06 22:49:21,-9.6658,-35.7353,72.84,83,40,5.75
263,Goderich,CA,2021-08-06 22:51:04,43.7501,-81.7165,81.91,57,77,9.22
264,Mizdah,LY,2021-08-06 22:53:11,31.4451,12.9801,81.41,46,0,6.71
265,Hofn,IS,2021-08-06 22:53:11,64.2539,-15.2082,51.62,88,90,2.62
266,Talnakh,RU,2021-08-06 22:53:12,69.4865,88.3972,68.67,46,16,1.21
267,Shumerlya,RU,2021-08-06 22:53:12,55.5005,46.4129,63.75,54,90,3.94
268,Anzio,IT,2021-08-06 22:53:12,41.4853,12.6179,76.32,90,3,4.34
269,Avera,US,2021-08-06 22:53:13,33.194,-82.5271,79.92,78,97,3.47
270,Conde,BR,2021-08-06 22:53:13,-7.2597,-34.9075,76.46,83,75,11.5
271,Divnogorsk,RU,2021-08-06 22:53:13,55.9594,92.3619,59.49,95,67,1.92
272,Aykhal,RU,2021-08-06 22:53:14,66.0,111.5,52.34,62,73,15.01
273,Hokitika,NZ,2021-08-06 22:50:08,-42.7167,170.9667,50.56,71,68,19.22
274,Saint-Pierre,RE,2021-08-06 22:53:14,-21.3393,55.4781,65.88,72,75,5.75
275,Fort Nelson,CA,2021-08-06 22:53:14,58.8053,-122.7002,65.79,72,90,11.5
276,Wloszczowa,PL,2021-08-06 22:53:15,50.8526,19.9659,54.5,83,74,7.36
277,Lompoc,US,2021-08-06 22:49:21,34.6391,-120.4579,91.02,72,1,12.66
278,Oskemen,KZ,2021-08-06 22:53:15,49.9565,82.6119,55.36,88,40,6.71
279,Mitsamiouli,KM,2021-08-06 22:53:15,-11.3847,43.2844,76.26,70,41,6.35
280,Noumea,NC,2021-08-06 22:53:15,-22.2763,166.4572,72.0,99,92,9.35
281,Naryan-Mar,RU,2021-08-06 22:53:16,67.6713,53.087,46.09,92,98,6.22
282,Varkaus,FI,2021-08-06 22:53:16,62.3153,27.873,59.11,77,16,6.64
283,Westport,US,2021-08-06 22:52:41,41.1415,-73.3579,85.98,59,41,3.0
284,Ust-Kuyga,RU,2021-08-06 22:53:17,70.0167,135.6,58.15,51,1,3.56
285,Ilheus,BR,2021-08-06 22:51:07,-14.7889,-39.0494,73.22,78,40,9.22
286,Jalu,LY,2021-08-06 22:51:24,29.0331,21.5482,90.0,15,0,9.75
287,Srednekolymsk,RU,2021-08-06 22:53:17,67.45,153.6833,47.89,81,100,8.95
288,Hay River,CA,2021-08-06 22:53:18,60.8156,-115.7999,67.98,64,75,4.61
289,Bibiani,GH,2021-08-06 22:53:18,6.4635,-2.3194,68.81,97,55,2.42
290,Pangnirtung,CA,2021-08-06 22:53:18,66.1451,-65.7125,42.8,81,90,10.36
291,Santa Cecilia,BR,2021-08-06 22:53:18,-26.9608,-50.4269,51.62,98,93,4.5
292,Cabedelo,BR,2021-08-06 22:53:19,-6.9811,-34.8339,77.67,78,50,18.3
293,Vilya,RU,2021-08-06 22:53:19,55.2456,42.2089,63.5,79,100,5.14
294,Amahai,ID,2021-08-06 22:53:19,-3.3333,128.9167,77.07,89,100,7.61
295,Martapura,ID,2021-08-06 22:53:20,-3.4167,114.85,77.09,88,20,3.44
296,Namatanai,PG,2021-08-06 22:53:20,-3.6667,152.4333,82.69,73,64,8.23
297,Nyurba,RU,2021-08-06 22:53:20,63.2842,118.3319,63.81,51,100,6.69
298,Redding,US,2021-08-06 22:53:21,40.5865,-122.3917,101.93,10,1,1.01
299,Barreiras,BR,2021-08-06 22:50:58,-12.1528,-44.99,77.22,40,93,8.84
300,Christiana,ZA,2021-08-06 22:53:21,-27.914,25.1611,47.08,26,1,8.23
301,Obihiro,JP,2021-08-06 22:53:21,42.9172,143.2044,74.61,83,59,2.68
302,Camacha,PT,2021-08-06 22:53:22,33.0833,-16.3333,71.53,88,40,12.66
303,Klaksvik,FO,2021-08-06 22:53:22,62.2266,-6.589,59.92,97,88,13.91
304,Chandler,US,2021-08-06 22:51:25,33.3062,-111.8412,110.07,28,45,4.0
305,Stokmarknes,NO,2021-08-06 22:53:22,68.5646,14.9108,59.5,75,60,2.64
306,Atikokan,CA,2021-08-06 22:53:23,48.7555,-91.6216,73.81,40,45,5.32
307,Totma,RU,2021-08-06 22:53:23,59.9747,42.7642,54.55,93,100,7.63
308,Aksarka,RU,2021-08-06 22:53:23,66.5606,67.7975,62.17,66,25,4.09
309,Puerto Escondido,MX,2021-08-06 22:53:24,15.85,-97.0667,83.79,75,98,4.09
310,Clyde River,CA,2021-08-06 22:53:24,70.4692,-68.5914,37.63,100,90,9.22
311,Pemberton,CA,2021-08-06 22:53:24,50.3164,-122.8027,73.09,72,100,6.35
312,Fortuna,US,2021-08-06 22:53:24,40.5982,-124.1573,93.47,66,20,5.99
313,Belmonte,BR,2021-08-06 22:52:13,-15.8631,-38.8828,70.3,61,90,12.88
314,Malpe,IN,2021-08-06 22:53:25,13.35,74.7167,78.1,89,91,9.28
315,Xingcheng,CN,2021-08-06 22:53:25,40.6167,120.7167,74.64,77,1,4.45
316,Yima,CN,2021-08-06 22:53:26,34.7381,111.8839,73.92,82,98,2.55
317,Shimoda,JP,2021-08-06 22:53:26,34.6667,138.95,78.1,83,100,10.8
318,Buta,CD,2021-08-06 22:53:26,2.7858,24.73,69.78,99,97,0.13
319,Mala,PE,2021-08-06 22:53:27,-12.6581,-76.6308,64.44,83,43,8.57
320,Faanui,PF,2021-08-06 22:53:27,-16.4833,-151.75,78.94,69,15,9.75
321,Khanpur,PK,2021-08-06 22:53:27,28.6453,70.6567,92.14,46,18,16.8
322,Tahoua,NE,2021-08-06 22:53:27,14.8888,5.2692,90.18,45,57,11.86
323,Plettenberg Bay,ZA,2021-08-06 22:53:28,-34.0527,23.3716,55.51,88,4,4.47
324,Tual,ID,2021-08-06 22:53:28,-5.6667,132.75,80.26,79,96,22.66
325,Boende,CD,2021-08-06 22:53:28,-0.2167,20.8667,73.35,87,98,3.0
326,Kruisfontein,ZA,2021-08-06 22:53:29,-34.0033,24.7314,47.88,92,6,3.91
327,Jagalur,IN,2021-08-06 22:53:30,14.5333,76.35,70.88,88,67,16.75
328,Isla Mujeres,MX,2021-08-06 22:53:30,21.2311,-86.731,87.17,70,58,10.47
329,Awbari,LY,2021-08-06 22:53:30,26.5921,12.7805,88.9,12,0,5.12
330,Botou,CN,2021-08-06 22:53:31,38.0667,116.5667,77.63,79,99,1.59
331,Pacific Grove,US,2021-08-06 22:53:31,36.6177,-121.9166,98.15,81,40,1.99
332,Challans,FR,2021-08-06 22:53:32,46.8436,-1.8749,62.51,84,95,11.18
333,Eyl,SO,2021-08-06 22:53:32,7.9803,49.8164,75.52,75,47,22.26
334,Evans,US,2021-08-06 22:53:32,33.5337,-82.1307,80.24,72,90,1.01
335,Tutoia,BR,2021-08-06 22:53:32,-2.7619,-42.2744,79.68,80,23,9.93
336,Bandarbeyla,SO,2021-08-06 22:49:28,9.4942,50.8122,75.34,81,100,28.52
337,Ketchikan,US,2021-08-06 22:53:33,55.3422,-131.6461,59.76,87,98,7.99
338,Nanortalik,GL,2021-08-06 22:53:33,60.1432,-45.2371,46.09,78,45,10.33
339,Belyy Yar,RU,2021-08-06 22:53:34,53.6039,91.3903,60.69,94,0,0.0
340,Nevelsk,RU,2021-08-06 22:53:34,46.6733,141.8633,73.83,98,100,5.23
341,Ketou,BJ,2021-08-06 22:53:34,7.3633,2.5998,72.46,94,59,4.45
342,Sajanan,TN,2021-08-06 22:53:35,37.0573,9.2426,81.52,44,1,5.28
343,San Juan,AR,2021-08-06 22:53:13,-31.5375,-68.5364,67.44,26,49,6.02
344,Qandala,SO,2021-08-06 22:53:35,11.472,49.8728,88.36,53,32,4.36
345,La Ronge,CA,2021-08-06 22:53:35,55.1001,-105.2842,73.62,68,40,10.36
346,Erzin,TR,2021-08-06 22:53:36,36.9559,36.2,81.12,89,15,2.48
347,Pimentel,PE,2021-08-06 22:53:36,-6.8367,-79.9342,68.29,77,20,5.01
348,Aksu,CN,2021-08-06 22:53:36,41.1231,80.2644,72.93,46,78,5.01
349,Mookane,BW,2021-08-06 22:53:37,-23.688,26.6595,63.61,29,0,5.12
350,Rujiena,LV,2021-08-06 22:53:37,57.8975,25.3316,61.05,96,100,11.95
351,Vagay,RU,2021-08-06 22:53:38,57.9375,69.0217,60.6,88,97,5.26
352,Los Llanos De Aridane,ES,2021-08-06 22:52:03,28.6585,-17.9182,69.55,96,40,13.8
353,Dongsheng,CN,2021-08-06 22:53:38,39.8161,109.9776,69.21,32,0,3.67
354,Seoul,KR,2021-08-06 22:53:38,37.5683,126.9778,76.6,83,20,5.75
355,Manokwari,ID,2021-08-06 22:53:38,-0.8667,134.0833,78.8,79,88,3.02
356,Lovozero,RU,2021-08-06 22:53:39,68.005,35.0117,56.8,70,73,2.68
357,Bilibino,RU,2021-08-06 22:51:27,68.0546,166.4372,61.3,60,64,9.19
358,Sitka,US,2021-08-06 22:53:39,57.0531,-135.33,62.37,77,100,5.1
359,Candido Mendes,BR,2021-08-06 22:53:40,-1.4467,-45.7167,74.44,92,80,3.85
360,Atocha,BO,2021-08-06 22:53:40,-20.9333,-66.2333,44.56,16,0,4.68
361,Balgazyn,RU,2021-08-06 22:53:40,51.0,95.2,54.01,97,100,8.28
362,Diego De Almagro,CL,2021-08-06 22:53:41,-26.3667,-70.05,58.44,40,0,3.18
363,Waingapu,ID,2021-08-06 22:53:41,-9.6567,120.2641,76.84,72,62,13.6
364,Puerto Del Rosario,ES,2021-08-06 22:53:41,28.5004,-13.8627,73.15,78,32,17.27
365,Marrakesh,MA,2021-08-06 22:50:50,31.6315,-8.0083,77.07,57,0,6.91
366,Cururupu,BR,2021-08-06 22:52:16,-1.8283,-44.8683,74.82,88,46,1.95
367,Moerai,PF,2021-08-06 22:52:13,-22.4333,-151.3333,73.87,67,0,4.76
368,Shakawe,BW,2021-08-06 22:53:42,-18.3667,21.85,57.42,28,0,5.91
369,Presidencia Roque Saenz Pena,AR,2021-08-06 22:53:42,-26.7852,-60.4388,68.76,43,0,6.53
370,Ulladulla,AU,2021-08-06 22:53:43,-35.35,150.4667,54.88,64,55,6.46
371,Novobelokatay,RU,2021-08-06 22:53:43,55.7062,58.9549,47.23,92,1,3.0
372,Belaya Gora,RU,2021-08-06 22:53:43,68.5333,146.4167,57.81,57,33,3.29
373,Port-Gentil,GA,2021-08-06 22:53:44,-0.7193,8.7815,78.76,78,90,11.5
374,Kalmunai,LK,2021-08-06 22:53:44,7.4167,81.8167,78.46,80,100,5.35
375,Farias Brito,BR,2021-08-06 22:53:44,-6.9306,-39.5656,81.28,52,80,12.97
376,Luena,AO,2021-08-06 22:53:45,-11.7833,19.9167,52.75,24,0,3.87
377,Pirgos,GR,2021-08-06 22:53:45,35.1167,25.7178,85.68,51,0,6.62
378,Virginia Beach,US,2021-08-06 22:49:09,36.8529,-75.978,82.42,77,75,8.05
379,Te Anau,NZ,2021-08-06 22:53:45,-45.4167,167.7167,42.21,79,89,7.34
380,Taltal,CL,2021-08-06 22:53:46,-25.4,-70.4833,57.47,78,22,4.83
381,Mongoumba,CF,2021-08-06 22:53:46,3.6415,18.5936,70.93,99,100,1.7
382,Turukhansk,RU,2021-08-06 22:53:46,65.8167,87.9833,63.03,62,79,7.14
383,Terrak,NO,2021-08-06 22:53:47,65.087,12.3715,67.87,59,76,8.1
384,Husavik,IS,2021-08-06 22:53:47,66.0449,-17.3389,53.51,86,3,1.61
385,Wajima,JP,2021-08-06 22:53:47,37.4,136.9,84.16,74,43,4.07
386,Kanniyakumari,IN,2021-08-06 22:53:48,8.0833,77.5667,79.34,79,100,22.39
387,Pierre,US,2021-08-06 22:53:48,44.3683,-100.351,97.09,20,98,13.44
388,Saint George,US,2021-08-06 22:53:48,37.1041,-113.5841,104.47,5,1,8.99
389,Manzhouli,CN,2021-08-06 22:53:49,49.6,117.4333,67.21,59,98,3.65
390,Muzhi,RU,2021-08-06 22:53:49,65.3667,64.6667,58.28,80,100,10.65
391,Bhag,PK,2021-08-06 22:53:49,29.0415,67.8239,94.42,39,0,6.55
392,Morondava,MG,2021-08-06 22:53:49,-20.2833,44.2833,67.87,73,1,12.1
393,Taksimo,RU,2021-08-06 22:53:50,56.3444,114.8794,61.63,80,53,0.87
394,Sibolga,ID,2021-08-06 22:53:50,1.7427,98.7792,75.76,81,72,3.24
395,Bereda,ES,2021-08-06 22:53:51,43.2686,-7.5406,60.91,95,78,3.8
396,Pangoa,PE,2021-08-06 22:53:51,-12.1167,-73.0,72.19,56,0,3.24
397,Tres Arroyos,AR,2021-08-06 22:53:51,-38.3739,-60.2798,58.66,71,100,9.19
398,Namtsy,RU,2021-08-06 22:53:51,62.7161,129.6658,68.11,39,93,16.8
399,Lasa,IT,2021-08-06 22:53:52,46.6166,10.7002,65.28,95,50,3.33
400,Liku,ID,2021-08-06 22:53:52,-0.7275,119.8922,77.52,89,100,3.65
401,Gazli,UZ,2021-08-06 22:53:53,40.1333,63.45,87.71,18,50,8.41
402,Riacho De Santana,BR,2021-08-06 22:53:53,-13.6092,-42.9389,68.31,64,67,13.56
403,Naze,JP,2021-08-06 22:53:53,28.3667,129.4833,79.72,87,71,8.25
404,Marsh Harbour,BS,2021-08-06 22:53:54,26.5412,-77.0636,84.33,72,4,12.48
405,Mortka,RU,2021-08-06 22:53:54,59.3322,66.0214,59.58,99,100,2.86
406,Nueva Loja,EC,2021-08-06 22:53:55,0.0847,-76.8828,72.88,84,100,0.63
407,Changde,CN,2021-08-06 22:51:05,29.0464,111.6783,79.84,86,23,1.99
408,Kondopoga,RU,2021-08-06 22:53:55,62.2057,34.2614,49.68,92,16,4.45
409,Salekhard,RU,2021-08-06 22:53:55,66.53,66.6019,61.14,69,54,4.32
410,Rakovski,BG,2021-08-06 22:53:56,42.3,24.9667,69.66,51,2,9.86
411,Jacareacanga,BR,2021-08-06 22:53:56,-6.2222,-57.7528,81.1,38,0,1.03
412,Yumen,CN,2021-08-06 22:53:56,40.2833,97.2,71.38,22,100,5.44
413,Prado,BR,2021-08-06 22:53:57,-17.3411,-39.2208,68.02,81,94,8.93
414,Orumiyeh,IR,2021-08-06 22:53:57,37.5527,45.0761,67.55,60,40,4.61
415,Marfino,RU,2021-08-06 22:53:57,55.7028,37.3822,64.65,90,0,8.95
416,Igarka,RU,2021-08-06 22:53:03,67.4667,86.5833,60.8,62,50,4.92
417,Korla,CN,2021-08-06 22:53:58,41.7597,86.1469,77.32,35,85,2.66
418,Kutum,SD,2021-08-06 22:52:17,14.2,24.6667,72.34,74,98,15.61
419,Khoy,IR,2021-08-06 22:53:58,38.5504,44.9535,76.35,45,99,3.96
420,Banjar,ID,2021-08-06 22:53:58,-8.19,114.9675,78.66,90,91,3.98
421,Tezu,IN,2021-08-06 22:53:59,27.9167,96.1667,75.69,97,78,2.93
422,Ordynskoye,RU,2021-08-06 22:53:59,54.3656,81.8994,56.59,96,18,5.53
423,Karabuk,TR,2021-08-06 22:53:59,41.2049,32.6277,77.34,37,100,1.81
424,Alta Floresta,BR,2021-08-06 22:54:00,-9.8756,-56.0861,80.37,30,42,4.52
425,Vranje,RS,2021-08-06 22:54:00,42.5514,21.9003,68.92,52,30,1.74
426,Havoysund,NO,2021-08-06 22:54:01,70.9963,24.6622,63.48,76,68,3.65
427,Opuwo,NA,2021-08-06 22:54:01,-18.0607,13.84,62.67,26,1,3.8
428,Petropavlovsk-Kamchatskiy,RU,2021-08-06 22:54:01,53.0452,158.6483,54.19,67,75,2.24
429,Sechura,PE,2021-08-06 22:54:02,-5.5569,-80.8222,69.98,65,0,18.1
430,Xichang,CN,2021-08-06 22:54:02,27.8964,102.2634,68.95,83,98,1.48
431,Broome,US,2021-08-06 22:54:03,42.2506,-75.833,81.37,65,61,2.82
432,Mulki,IN,2021-08-06 22:54:03,13.1,74.8,78.08,94,75,6.91
433,La Plata,AR,2021-08-06 22:49:12,-34.9215,-57.9545,64.99,88,21,7.72
434,West Bay,KY,2021-08-06 22:54:03,19.3667,-81.4167,88.0,75,40,1.99
435,Natal,BR,2021-08-06 22:50:20,-5.795,-35.2094,79.45,69,75,11.5
436,Oktyabrskoye,RU,2021-08-06 22:54:04,43.0645,44.7417,62.74,93,30,6.71
437,Kahului,US,2021-08-06 22:54:04,20.8947,-156.47,87.06,76,5,11.01
438,Izhma,RU,2021-08-06 22:54:04,65.0083,53.9113,44.78,93,99,4.29
439,Keti Bandar,PK,2021-08-06 22:54:05,24.1447,67.4497,81.73,75,100,11.86
440,Saint Anthony,US,2021-08-06 22:54:05,45.0205,-93.218,89.91,44,20,5.75
441,Abu Dhabi,AE,2021-08-06 22:54:05,24.4667,54.3667,93.31,70,0,2.3
442,Gimbi,ET,2021-08-06 22:54:06,9.1667,35.8333,54.86,97,98,2.71
443,Saint Cloud,US,2021-08-06 22:54:06,45.5608,-94.1625,85.84,21,0,1.36
444,Narsaq,GL,2021-08-06 22:54:06,60.9167,-46.05,50.05,64,9,1.28
445,Garissa,KE,2021-08-06 22:54:07,-0.4536,39.6401,72.64,77,4,18.07
446,Argayash,RU,2021-08-06 22:54:07,55.4888,60.8767,51.49,82,0,8.95
447,Magan,ES,2021-08-06 22:54:07,39.9683,-3.931,81.82,26,0,17.52
448,Tiksi,RU,2021-08-06 22:54:07,71.6872,128.8694,43.07,87,34,4.52
449,Alice Springs,AU,2021-08-06 22:54:08,-23.7,133.8833,38.75,65,0,0.0
450,Shache,CN,2021-08-06 22:54:08,38.4167,77.2406,73.98,38,49,2.04
451,Piacabucu,BR,2021-08-06 22:54:08,-10.4056,-36.4344,72.68,85,67,13.85
452,Bonfim,BR,2021-08-06 22:54:09,3.0833,-59.95,78.12,81,31,1.28
453,Auki,SB,2021-08-06 22:54:09,-8.7676,160.7034,83.03,62,16,5.48
454,Nuuk,GL,2021-08-06 22:54:09,64.1835,-51.7216,43.88,87,100,15.99
455,Lodja,CD,2021-08-06 22:54:10,-3.4833,23.4333,75.6,49,39,3.53
456,Radford,US,2021-08-06 22:54:10,37.1318,-80.5764,82.47,47,1,8.05
457,Abonnema,NG,2021-08-06 22:54:11,4.7084,6.7931,74.34,92,99,5.19
458,Buenos Aires,AR,2021-08-06 22:51:08,-34.6132,-58.3772,66.97,88,0,5.75
459,Mareeba,AU,2021-08-06 22:54:11,-17.0,145.4333,68.49,72,84,4.21
460,Isiolo,KE,2021-08-06 22:54:11,0.3546,37.5822,67.01,68,27,12.62
461,Ust-Nera,RU,2021-08-06 22:51:14,64.5667,143.2,62.2,52,4,3.04
462,Sola,VU,2021-08-06 22:54:12,-13.8833,167.55,78.98,75,27,20.42
463,Honiara,SB,2021-08-06 22:54:12,-9.4333,159.95,83.52,62,8,2.26
464,West Wendover,US,2021-08-06 22:54:12,40.7391,-114.0733,83.41,14,1,8.05
465,Marshalltown,US,2021-08-06 22:54:13,42.0494,-92.908,87.03,50,16,12.08
466,Adra,ES,2021-08-06 22:52:38,36.7496,-3.0206,87.84,56,0,1.39
467,Andra,RU,2021-08-06 22:54:13,62.5147,65.8878,58.8,89,96,5.44
468,Hamilton,US,2021-08-06 22:54:14,39.1834,-84.5333,85.57,56,100,1.01
469,Le Port,RE,2021-08-06 22:54:14,-20.9373,55.2919,66.2,75,44,6.02
470,Marsa Matruh,EG,2021-08-06 22:54:14,31.3525,27.2453,82.6,69,0,11.5
471,Saint-Augustin,CA,2021-08-06 22:54:15,51.226,-58.6502,65.88,81,100,16.55
472,Juan Lacaze,UY,2021-08-06 22:54:15,-34.4342,-57.4381,64.47,89,19,9.28
473,Pitimbu,BR,2021-08-06 22:51:53,-7.4706,-34.8086,77.59,79,23,16.93
474,Sterling,US,2021-08-06 22:53:52,39.0062,-77.4286,87.91,55,40,4.0
475,Baculin,PH,2021-08-06 22:54:16,7.4525,126.5842,80.82,80,85,1.86
476,Paita,PE,2021-08-06 22:54:16,-5.0892,-81.1144,67.66,76,0,18.61
477,Rabo De Peixe,PT,2021-08-06 22:54:16,37.8,-25.5833,69.31,68,20,9.22
478,Batagay,RU,2021-08-06 22:51:16,67.6333,134.6333,64.9,36,15,3.89
479,Santa Cruz,BO,2021-08-06 22:50:15,-17.8,-63.1667,82.45,36,0,9.22
480,Tambura,SS,2021-08-06 22:54:17,5.6,27.4667,68.09,98,97,3.56
481,Lorengau,PG,2021-08-06 22:54:17,-2.0226,147.2712,81.7,79,100,8.84
482,Sao Gotardo,BR,2021-08-06 22:54:17,-19.3111,-46.0489,62.62,49,99,4.97
483,Lagoa,PT,2021-08-06 22:54:18,39.05,-27.9833,68.76,69,72,17.76
484,Sirnak,TR,2021-08-06 22:54:18,37.5228,42.4594,72.64,40,63,8.95
485,Vanimo,PG,2021-08-06 22:54:18,-2.6741,141.3028,75.7,91,99,6.73
486,Tari,NG,2021-08-06 22:54:19,12.4086,4.4914,80.02,72,76,9.35
487,Vung Tau,VN,2021-08-06 22:54:19,10.346,107.0843,80.13,83,100,12.21
488,Adrar,MR,2021-08-06 22:54:19,20.5022,-10.0711,96.04,24,56,11.43
489,Gorontalo,ID,2021-08-06 22:54:19,0.5412,123.0595,76.51,88,96,2.04
490,Fereydunshahr,IR,2021-08-06 22:54:20,32.941,50.121,61.84,32,86,6.64
491,Asau,RO,2021-08-06 22:54:20,46.4333,26.4,61.95,71,24,6.38
492,Hinton,CA,2021-08-06 22:54:20,53.4001,-117.5857,65.1,61,86,2.77
493,Matara,LK,2021-08-06 22:54:21,5.9485,80.5353,77.45,89,100,11.27
494,Llanes,ES,2021-08-06 22:54:21,43.4198,-4.7549,64.87,75,54,6.13
495,Bubaque,GW,2021-08-06 22:54:22,11.2833,-15.8333,80.13,78,97,21.32
496,Anadyr,RU,2021-08-06 22:54:22,64.75,177.4833,50.5,71,20,13.42
497,Sri Aman,MY,2021-08-06 22:54:22,1.2376,111.4621,75.25,94,92,0.0
498,Bermeo,ES,2021-08-06 22:54:22,43.4209,-2.7215,64.71,82,99,3.15
499,Constitucion,CL,2021-08-06 22:51:57,-35.3333,-72.4167,51.28,93,100,9.35
500,Sao Francisco,BR,2021-08-06 22:54:23,-15.9486,-44.8644,73.31,45,100,9.78
501,Los Alamos,US,2021-08-06 22:54:23,35.8881,-106.307,83.98,26,40,5.01
502,Tobol,KZ,2021-08-06 22:54:24,52.6844,62.5794,58.86,83,9,10.11
503,Beboto,TD,2021-08-06 22:54:24,8.2668,16.939,71.11,89,100,3.27
504,Makakilo City,US,2021-08-06 22:54:24,21.3469,-158.0858,85.57,54,1,13.8
505,Karratha,AU,2021-08-06 22:54:24,-20.7377,116.8463,65.19,31,2,15.01
506,Axim,GH,2021-08-06 22:54:25,4.8699,-2.2405,75.83,83,72,9.26
507,Vao,NC,2021-08-06 22:53:22,-22.6667,167.4833,67.77,60,69,12.17
508,Casas Grandes,MX,2021-08-06 22:54:25,30.3667,-107.95,88.45,29,0,12.33
509,Adre,TD,2021-08-06 22:54:26,13.4667,22.2,70.14,86,100,6.04
510,Birjand,IR,2021-08-06 22:54:26,32.8663,59.2211,73.87,17,0,4.61
511,Gravdal,NO,2021-08-06 22:54:26,68.1214,13.5031,55.11,77,67,4.03
512,Vestmannaeyjar,IS,2021-08-06 22:54:27,63.4427,-20.2734,53.96,88,18,2.77
513,Zaysan,KZ,2021-08-06 22:54:27,47.4667,84.8667,60.87,52,45,7.52
514,Paralimni,CY,2021-08-06 22:54:27,35.0375,33.9833,83.12,92,0,4.0
515,Katherine,AU,2021-08-06 22:54:28,-14.4667,132.2667,57.52,35,1,6.91
516,San Quintin,MX,2021-08-06 22:54:28,30.4833,-115.95,74.57,68,1,9.37
517,Nuevo Ideal,MX,2021-08-06 22:54:28,24.8875,-105.0728,69.21,68,99,6.33
518,Ginir,ET,2021-08-06 22:54:29,7.1333,40.7,58.64,69,45,7.54
519,Evensk,RU,2021-08-06 22:54:29,61.95,159.2333,59.88,53,70,2.24
520,Vardo,NO,2021-08-06 22:54:29,70.3705,31.1107,52.45,85,63,10.13
521,Zambezi,ZM,2021-08-06 22:54:30,-13.5432,23.1047,54.82,24,0,4.47
522,Zaterechnyy,RU,2021-08-06 22:54:30,44.7931,45.2097,76.5,59,7,7.92
523,Liwale,TZ,2021-08-06 22:54:30,-9.7667,37.9333,63.75,94,55,3.29
524,Lufilufi,WS,2021-08-06 22:54:31,-13.8745,-171.5986,85.78,79,67,15.82
525,Polewali,ID,2021-08-06 22:54:31,-3.4324,119.3435,76.39,87,98,3.02
526,Omboue,GA,2021-08-06 22:54:31,-1.5746,9.2618,74.55,83,67,8.57
527,Namie,JP,2021-08-06 22:54:32,37.4833,141.0,82.71,86,30,3.31
528,Ouargaye,BF,2021-08-06 22:54:32,11.5033,0.0572,75.18,86,63,9.1
529,Lumding,IN,2021-08-06 22:54:32,25.7535,93.1732,75.54,99,98,2.06
530,Jieshi,CN,2021-08-06 22:54:33,22.8134,115.8257,82.94,87,98,7.96
531,Tura,IN,2021-08-06 22:54:33,25.5198,90.2201,74.68,98,100,7.0
532,Khao Yoi,TH,2021-08-06 22:54:33,13.2403,99.8243,77.2,80,100,3.87
533,Abadiania,BR,2021-08-06 22:54:34,-16.2042,-48.7069,65.32,45,96,6.69
534,Escuinapa,MX,2021-08-06 22:54:34,22.85,-105.8,86.95,65,100,7.58
535,Tarauaca,BR,2021-08-06 22:54:35,-8.1614,-70.7656,80.76,44,1,1.1
536,Azul,AR,2021-08-06 22:54:35,-36.777,-59.8585,55.9,81,98,8.59
537,Cartagena Del Chaira,CO,2021-08-06 22:54:36,1.3349,-74.8429,75.67,80,74,2.33
538,San Francisco,US,2021-08-06 22:53:50,37.7749,-122.4194,98.78,67,40,8.01
539,Acaponeta,MX,2021-08-06 22:54:36,22.4964,-105.3594,85.55,72,100,3.2
540,Okhotsk,RU,2021-08-06 22:54:37,59.3833,143.3,60.57,53,23,7.61
541,Goma,CD,2021-08-06 22:54:37,-1.6792,29.2228,63.45,88,87,1.7
542,Moranbah,AU,2021-08-06 22:54:37,-22.0016,148.0466,59.4,46,0,12.24
543,Nizwa,OM,2021-08-06 22:54:38,22.9333,57.5333,90.43,30,1,3.13
544,Nokaneng,BW,2021-08-06 22:54:38,-19.6667,22.2667,58.95,30,0,6.26
545,Svecha,RU,2021-08-06 22:54:39,58.2785,47.5164,59.41,67,100,4.61
546,Elizabeth City,US,2021-08-06 22:50:50,36.2946,-76.2511,82.02,78,1,6.91
547,Zyryanka,RU,2021-08-06 22:54:39,65.75,150.85,53.51,70,97,8.16
548,Carauari,BR,2021-08-06 22:53:57,-4.8828,-66.8958,82.58,54,55,3.31
549,Sovetskaya Gavan,RU,2021-08-06 22:54:39,48.9723,140.2878,60.15,97,100,11.97
550,Znamenskoye,RU,2021-08-06 22:54:40,57.1281,73.8282,58.28,89,44,4.68
551,Camabatela,AO,2021-08-06 22:54:40,-8.1881,15.375,62.2,62,10,2.93
552,Gat,IL,2021-08-06 22:54:41,31.61,34.7642,85.41,55,0,3.56
553,Svetlogorsk,BY,2021-08-06 22:54:41,52.6333,29.7333,59.86,92,100,4.5
554,Lyngseidet,NO,2021-08-06 22:54:41,69.5763,20.2189,55.47,69,98,7.78
555,Munkebo,DK,2021-08-06 22:54:42,55.4618,10.5558,61.83,82,98,21.54
556,Trairi,BR,2021-08-06 22:50:03,-3.2778,-39.2689,79.2,73,11,13.89
557,Erdenet,MN,2021-08-06 22:54:42,49.0333,104.0833,52.25,90,37,3.87
558,Chingirlau,KZ,2021-08-06 22:54:43,51.095,54.0814,66.54,46,19,8.79
559,Kaduqli,SD,2021-08-06 22:54:43,11.0167,29.7167,72.39,82,100,1.28
560,Lipetsk,RU,2021-08-06 22:54:43,52.6031,39.5708,72.7,42,39,11.59
561,Bam,IR,2021-08-06 22:54:45,29.106,58.357,86.49,20,63,7.18
562,Butembo,CD,2021-08-06 22:54:45,0.15,29.2833,58.32,83,61,3.51
563,Porto Novo,BJ,2021-08-06 22:50:13,6.4965,2.6036,78.62,85,47,6.76
564,Coquimbo,CL,2021-08-06 22:54:46,-29.9533,-71.3436,55.13,82,90,4.61
565,Chupaca,PE,2021-08-06 22:54:46,-12.0667,-75.2833,53.64,54,43,6.35
566,Paidha,UG,2021-08-06 22:54:46,2.4167,30.9855,65.16,75,94,2.51
567,Biloela,AU,2021-08-06 22:54:47,-24.4167,150.5,59.94,41,19,8.23
